{
  "data": {
    "Exjdd": 71173.31696738284,
    "Fnsulu": 252896,
    "Mkjft": 403691.4558910225,
    "Ffrog": 146114,
    "Uxsgpze": 58882.36745741182,
    "Dpei": 43438,
    "Nubpw": 119189.91877986636,
    "Wjkey": 59207,
    "Kvjiahi": 658916.193154747,
    "Jnton": 71173.31696738284,
    "Ouaz": 252896,
    "Sdwpsou": 403691.4558910225,
    "Smyioie": 146114,
    "Boaca": 58882.36745741182,
    "Uqar": 43438,
    "Iddr": 119189.91877986636,
    "Svxwu": 59207,
    "Qbobfeg": 658916.193154747,
    "Ocbp": 71173.31696738284,
    "Jozejl": 252896
  }
}